{"angry": {"precision": 0.6553846153846153, "recall": 0.726962457337884, "f1-score": 0.6893203883495146, "support": 293.0}, "disgust": {"precision": 0.4858156028368794, "recall": 0.4691780821917808, "f1-score": 0.47735191637630664, "support": 292.0}, "fear": {"precision": 0.581151832460733, "recall": 0.3801369863013699, "f1-score": 0.45962732919254656, "support": 292.0}, "happy": {"precision": 0.48639455782312924, "recall": 0.4880546075085324, "f1-score": 0.48722316865417375, "support": 293.0}, "neutral": {"precision": 0.46715328467153283, "recall": 0.5423728813559322, "f1-score": 0.5019607843137255, "support": 236.0}, "sad": {"precision": 0.5345345345345346, "recall": 0.6075085324232082, "f1-score": 0.5686900958466453, "support": 293.0}, "accuracy": 0.5356091818716893, "macro avg": {"precision": 0.5350724046185708, "recall": 0.535702257853118, "f1-score": 0.5306956137888187, "support": 1699.0}, "weighted avg": {"precision": 0.537352903271261, "recall": 0.5356091818716893, "f1-score": 0.5317328693874586, "support": 1699.0}}