{"angry": {"precision": 0.6133720930232558, "recall": 0.7201365187713311, "f1-score": 0.6624803767660911, "support": 293.0}, "disgust": {"precision": 0.5173745173745173, "recall": 0.4589041095890411, "f1-score": 0.4863883847549909, "support": 292.0}, "fear": {"precision": 0.5698924731182796, "recall": 0.363013698630137, "f1-score": 0.4435146443514644, "support": 292.0}, "happy": {"precision": 0.5059760956175299, "recall": 0.4334470989761092, "f1-score": 0.46691176470588236, "support": 293.0}, "neutral": {"precision": 0.46788990825688076, "recall": 0.6483050847457628, "f1-score": 0.5435168738898757, "support": 236.0}, "sad": {"precision": 0.5180722891566265, "recall": 0.5870307167235495, "f1-score": 0.5504, "support": 293.0}, "accuracy": 0.531489111241907, "macro avg": {"precision": 0.532096229424515, "recall": 0.5351395379059883, "f1-score": 0.5255353407447174, "support": 1699.0}, "weighted avg": {"precision": 0.5342367154603663, "recall": 0.531489111241907, "f1-score": 0.5250033926947522, "support": 1699.0}}