{"angry": {"precision": 0.5824468085106383, "recall": 0.7474402730375427, "f1-score": 0.6547085201793722, "support": 293.0}, "disgust": {"precision": 0.44140625, "recall": 0.386986301369863, "f1-score": 0.4124087591240876, "support": 292.0}, "fear": {"precision": 0.6230769230769231, "recall": 0.2773972602739726, "f1-score": 0.38388625592417064, "support": 292.0}, "happy": {"precision": 0.44904458598726116, "recall": 0.4812286689419795, "f1-score": 0.4645799011532125, "support": 293.0}, "neutral": {"precision": 0.436, "recall": 0.461864406779661, "f1-score": 0.448559670781893, "support": 236.0}, "sad": {"precision": 0.5067024128686327, "recall": 0.6450511945392492, "f1-score": 0.5675675675675675, "support": 293.0}, "accuracy": 0.5014714537963508, "macro avg": {"precision": 0.5064461634072426, "recall": 0.4999946841570447, "f1-score": 0.4886184457883839, "support": 1699.0}, "weighted avg": {"precision": 0.5087792066491204, "recall": 0.5014714537963508, "f1-score": 0.4900688825464171, "support": 1699.0}}