{"angry": {"precision": 0.591715976331361, "recall": 0.6825938566552902, "f1-score": 0.6339144215530903, "support": 293.0}, "disgust": {"precision": 0.48412698412698413, "recall": 0.4178082191780822, "f1-score": 0.4485294117647059, "support": 292.0}, "fear": {"precision": 0.4476987447698745, "recall": 0.3664383561643836, "f1-score": 0.4030131826741996, "support": 292.0}, "happy": {"precision": 0.432, "recall": 0.36860068259385664, "f1-score": 0.39779005524861877, "support": 293.0}, "neutral": {"precision": 0.43548387096774194, "recall": 0.4576271186440678, "f1-score": 0.4462809917355372, "support": 236.0}, "sad": {"precision": 0.46236559139784944, "recall": 0.5870307167235495, "f1-score": 0.5172932330827068, "support": 293.0}, "accuracy": 0.48087110064743965, "macro avg": {"precision": 0.4755651945989685, "recall": 0.48001649165987165, "f1-score": 0.47447021600980976, "support": 1699.0}, "weighted avg": {"precision": 0.47692125116593787, "recall": 0.48087110064743965, "f1-score": 0.4754732669934556, "support": 1699.0}}